meeting_id,title,start_time,end_time
1,Project Kickoff,2024-07-01T09:00:00,2024-07-01T10:00:00
2,Budget Review,2024-07-01T11:00:00,2024-07-01T12:00:00
3,Sprint Planning,2024-07-01T13:00:00,2024-07-01T14:00:00
4,Client Meeting,2024-07-01T15:00:00,2024-07-01T16:00:00
5,Team Outing,2024-07-01T17:00:00,2024-07-01T18:00:00
6,Product Launch,2024-07-02T09:00:00,2024-07-02T10:00:00
7,Quarterly Review,2024-07-02T11:00:00,2024-07-02T12:00:00
8,Code Review,2024-07-02T13:00:00,2024-07-02T14:00:00
9,Sales Update,2024-07-02T15:00:00,2024-07-02T16:00:00
10,Marketing Sync,2024-07-02T17:00:00,2024-07-02T18:00:00
11,Strategy Session,2024-07-03T09:00:00,2024-07-03T10:00:00
12,Design Review,2024-07-03T11:00:00,2024-07-03T12:00:00
13,Performance Review,2024-07-03T13:00:00,2024-07-03T14:00:00
14,Product Demo,2024-07-03T15:00:00,2024-07-03T16:00:00
15,Annual Planning,2024-07-03T17:00:00,2024-07-03T18:00:00
16,Technology Update,2024-07-04T09:00:00,2024-07-04T10:00:00
17,Business Development Meeting,2024-07-04T11:00:00,2024-07-04T12:00:00
18,HR Briefing,2024-07-04T13:00:00,2024-07-04T14:00:00
19,Operational Tactics,2024-07-04T15:00:00,2024-07-04T16:00:00
20,End of Day Wrap-Up,2024-07-04T17:00:00,2024-07-04T18:00:00
21,Customer Feedback Session,2024-07-05T09:00:00,2024-07-05T10:00:00
22,Leadership Training,2024-07-05T11:00:00,2024-07-05T12:00:00
23,Quality Assurance Check,2024-07-05T13:00:00,2024-07-05T14:00:00
24,Project Review,2024-07-05T15:00:00,2024-07-05T16:00:00
25,Creative Brainstorming,2024-07-05T17:00:00,2024-07-05T18:00:00
26,Project Closure,2024-07-05T19:00:00,2024-07-05T20:00:00
27,Next Quarter Goals,2024-07-06T09:00:00,2024-07-06T10:00:00
28,Contract Negotiation,2024-07-06T11:00:00,2024-07-06T12:00:00
29,Team Building Exercise,2024-07-06T13:00:00,2024-07-06T14:00:00
30,Software Training,2024-07-06T15:00:00,2024-07-06T16:00:00
31,New Hire Orientation,2024-07-06T17:00:00,2024-07-06T18:00:00
32,Client Proposal Review,2024-07-07T09:00:00,2024-07-07T10:00:00
33,Investment Pitch,2024-07-07T11:00:00,2024-07-07T12:00:00
34,Compliance Update,2024-07-07T13:00:00,2024-07-07T14:00:00
35,Website Relaunch,2024-07-07T15:00:00,2024-07-07T16:00:00
36,Risk Management Overview,2024-07-07T17:00:00,2024-07-07T18:00:00
37,Supplier Review,2024-07-08T09:00:00,2024-07-08T10:00:00
38,Inventory Management Update,2024-07-08T11:00:00,2024-07-08T12:00:00
39,Production Scheduling,2024-07-08T13:00:00,2024-07-08T14:00:00
40,Engineering Specs Review,2024-07-08T15:00:00,2024-07-08T16:00:00
41,Logistics Planning,2024-07-08T17:00:00,2024-07-08T18:00:00
42,Financial Forecasting,2024-07-09T09:00:00,2024-07-09T10:00:00
43,Pricing Strategy,2024-07-09T11:00:00,2024-07-09T12:00:00
44,Market Research Findings,2024-07-09T13:00:00,2024-07-09T14:00:00
45,New Marketing Campaign,2024-07-09T15:00:00,2024-07-09T16:00:00
46,Product Improvement Plan,2024-07-09T17:00:00,2024-07-09T18:00:00
47,Security Protocol Review,2024-07-10T09:00:00,2024-07-10T10:00:00
48,IT System Upgrade,2024-07-10T11:00:00,2024-07-10T12:00:00
49,Staff Recognition Event,2024-07-10T13:00:00,2024-07-10T14:00:00
50,Year-End Review,2024-07-10T15:00:00,2024-07-10T16:00:00